number,category,topic,title,content,writing_style
1,Food,Zero-Waste Filipino Kitchen: Creative Ways to Use Leftover Rice and Vegetables,Zero-Waste Filipino Kitchen: Creative Ways to Use Leftover Rice and Vegetables,"```
Turn Your Leftover Kanin into Kitchen Magic: A Pinoy's Guide to Zero-Waste Cooking!

Let me share a secret from my Lola's kitchen that changed how I look at day-old rice forever! Like many Filipino households, we often cook more rice than needed ‚Äì it's just part of our culture. But instead of letting those precious grains go to waste, why not transform them into something spectacular?

You know that container of leftover rice sitting in your ref? It's actually culinary gold! Day-old rice is perfect for making sinangag (garlic fried rice), but let's get creative! Try mixing it with whatever veggies are looking sad in your crisper drawer. I love throwing in wilted kangkong leaves, slightly soft carrots, or those last few pieces of kalabasa.

Here's my favorite kitchen-rescue recipe: Heat some oil, saut√© garlic (lots of it ‚Äì we're Pinoy after all!), then toss in your chopped leftover vegetables. Add your rice, season with patis or toyo, then crack an egg right in the middle. Mix it all up until the egg coats everything. Voila! You've just made what I call ""Bahay Kubo Fried Rice"" ‚Äì named after the folk song that lists our favorite Filipino vegetables.

Pro tip: Those green onions starting to yellow? Chop and freeze them! They're perfect for sprinkling on top of your rice creations. And don't toss those veggie stems and ends ‚Äì simmer them in water to make sabaw for your next soup!

Remember, our ancestors practiced zero-waste cooking long before it became trendy. Every grain of rice was considered sacred, and every part of the vegetable had a purpose. By following their wisdom, we're not just saving money ‚Äì we're honoring our culture and helping our planet too!

So, what's in your ref waiting to be transformed? Get creative, and let's make Lola proud! üåøüçö
```","{
    ""language style"": ""The author uses a casual, conversational tone with simple vocabulary accessible to home cooks. Frequent use of exclamation marks and direct reader address ('you') creates an engaging, friendly atmosphere. Technical cooking terms are explained in plain language, with detailed descriptions that help readers visualize the process."",
    
    ""narrative techniques"": ""Articles follow a consistent structure: introduction, background/history, detailed instructions, and variations/serving suggestions. The author employs first-person perspective to share personal experiences and preferences, building credibility and connection with readers. Step-by-step instructions are broken down into manageable chunks with clear transitions between sections."",
    
    ""innovation"": ""The author innovates within the recipe genre by incorporating cultural context and historical background into cooking instructions. Traditional recipe formats are enhanced with troubleshooting tips, storage advice, and pairing suggestions. The writing style blends educational content with conversational tone, making complex cooking techniques more approachable for beginners.""
}"
2,Food,15-Minute Healthy Baon Ideas for Busy Professionals,15-Minute Healthy Baon Ideas for Busy Professionals,"```
Pinoy Power Lunch: 15-Minute Baon Hacks That'll Make Your Officemates Drool!

Let's face it - preparing baon can feel like mission impossible when you're racing against time every morning! But here's the good news: I've cracked the code to quick, healthy, and totally Instagram-worthy packed lunches that'll have your colleagues peeking into your lunchbox.

As someone who's survived years of sad sandwich lunches, I'm excited to share these game-changing baon ideas that take just 15 minutes to prepare. Trust me, your taste buds (and wallet) will thank you!

Quick & Easy Power Bowls
Start with pre-cooked rice or quinoa (your Sunday meal prep BFF!). Top with protein like canned tuna, hard-boiled eggs, or leftover adobo. Add pre-cut veggies and drizzle with your favorite dressing. Pro tip: Keep mason jars filled with chopped carrots, cucumber, and tomatoes in your ref!

5-Minute Wraps With a Twist
Level up your tortilla game by spreading hummus or pesto (hello, malunggay pesto!), adding rotisserie chicken strips, and fresh greens. Roll tightly in foil - it'll stay fresh until lunch! Want something different? Try using lettuce leaves for a low-carb option.

The Ultimate Bento Box
Channel your inner Japanese mom by dividing your container into sections: leftovers in one, blanched vegetables in another, and fresh fruits in the third. A perfectly soft-boiled egg adds protein and Instagram appeal! 

Storage Secrets:
‚Ä¢ Invest in good quality containers with separate compartments
‚Ä¢ Pack dressings separately in small containers
‚Ä¢ Keep hot and cold items separate
‚Ä¢ Store fruits and vegetables away from wet ingredients

Remember, baon doesn't have to be complicated to be delicious! With these 15-minute ideas, you'll save money, eat healthier, and maybe even start a lunch envy epidemic at the office. Now that's what I call winning at adulting! üç±‚ú®

What's your go-to quick baon recipe? I'd love to hear your ideas in the comments below!
```","{
    ""language style"": ""The author uses a casual, conversational tone with simple vocabulary accessible to home cooks. Frequent use of exclamation marks and direct reader address ('you') creates an engaging, friendly atmosphere. Technical cooking terms are explained in plain language, with detailed descriptions that help readers visualize the process."",
    
    ""narrative techniques"": ""Articles follow a consistent structure: introduction, background/history, detailed instructions, and variations/serving suggestions. The author employs first-person perspective to share personal experiences and preferences, building credibility and connection with readers. Step-by-step instructions are broken down into manageable chunks with clear transitions between sections."",
    
    ""innovation"": ""The author innovates within the recipe genre by incorporating cultural context and historical background into cooking instructions. Traditional recipe formats are enhanced with troubleshooting tips, storage advice, and pairing suggestions. The writing style blends educational content with conversational tone, making complex cooking techniques more approachable for beginners.""
}"
3,Food,Modern Takes on Traditional Kakanin: Reinventing Rice Cake Recipes,Modern Takes on Traditional Kakanin: Reinventing Rice Cake Recipes,"```
""Lola's Kakanin Gets a Glow-Up: Your Favorite Rice Cakes Just Got Better!""

Remember those weekend mornings at your grandmother's house, the sweet aroma of freshly steamed kakanin filling the air? Well, it's time to give those beloved Filipino rice cakes a modern twist! Trust me, even your lola would approve of these creative takes on our traditional treats.

Let's start with everyone's favorite - the classic puto. Instead of plain white, why not jazz it up with ube-cream cheese swirls? Simply fold purple yam paste and softened cream cheese into your regular puto batter. The result? Instagram-worthy purple-marbled treats that taste as amazing as they look! Pro tip: sprinkle some toasted coconut on top for extra texture.

Bibingka lovers, here's something exciting for you! Swap the traditional banana leaves with parchment paper cups and transform this holiday favorite into convenient mini versions. I love adding a core of molten salted egg custard - it creates the most satisfying moment when you bite into these little bombs of flavor. You can even experiment with different toppings like crispy bacon bits or chocolate-dipped macapuno!

And here's my personal favorite reinvention - the suman roll! Think of it as our Filipino take on the Swiss roll. Spread your cooked suman mixture thin on a banana leaf, add a layer of mangoes and coconut jam, then roll it up before steaming. Slice it when cool to reveal beautiful spirals that'll make your guests go ""Wow!""

The secret to successful kakanin innovation? Keep the soul of the original recipe while having fun with new flavors and presentations. Remember, our ancestors probably didn't have access to matcha powder or cream cheese, but I'm sure they'd appreciate how we're keeping their legacy alive and exciting for the next generation!

Want to try these recipes? Visit our website for detailed instructions and more modern takes on traditional Filipino delicacies. Happy cooking, and don't forget to share your creations with us!
```","{
    ""language style"": ""The author uses a casual, conversational tone with simple vocabulary accessible to home cooks. Frequent use of exclamation marks and direct reader address ('you') creates an engaging, friendly atmosphere. Technical cooking terms are explained in plain language, with detailed descriptions that help readers visualize the process."",
    
    ""narrative techniques"": ""Articles follow a consistent structure: introduction, background/history, detailed instructions, and variations/serving suggestions. The author employs first-person perspective to share personal experiences and preferences, building credibility and connection with readers. Step-by-step instructions are broken down into manageable chunks with clear transitions between sections."",
    
    ""innovation"": ""The author innovates within the recipe genre by incorporating cultural context and historical background into cooking instructions. Traditional recipe formats are enhanced with troubleshooting tips, storage advice, and pairing suggestions. The writing style blends educational content with conversational tone, making complex cooking techniques more approachable for beginners.""
}"
4,Food,One-Pot Comfort Meals: From Sinigang to Global Stews,One-Pot Comfort Meals: From Sinigang to Global Stews,"```
Sinigang: Your Global Passport to Soul-Warming One-Pot Wonders!

Let me tell you about the day I discovered that comfort food speaks a universal language! There I was, stirring a pot of simmering sinigang, that beloved Filipino sour soup, when it hit me ‚Äì every culture has its own version of a soul-warming, one-pot meal that brings people together.

You see, sinigang isn't just soup ‚Äì it's a hug in a bowl! With tender pork or seafood swimming in a tangy tamarind broth alongside crisp vegetables, it's the kind of dish that makes you feel at home, no matter where you are. And guess what? The same goes for warming stews from around the world.

Think about it: Morocco's tagine slowly bubbles away with aromatic spices and tender lamb, while France's coq au vin transforms humble chicken and wine into pure magic. In Japan, oden simmers for hours, letting daikon radish and fish cakes soak up that amazing dashi broth. Each one tells a story of comfort and connection!

Want to try your hand at global one-pot cooking? Here's my foolproof tip: Start with sinigang! Grab your biggest pot, add pork ribs, lots of vegetables (kangkong and gabi are must-haves!), and that game-changing souring agent ‚Äì whether it's tamarind, calamansi, or even kamias. The key is letting everything cook slowly until the meat falls off the bone. Trust me, that's when the magic happens!

Don't worry about getting it perfect on your first try. The beauty of one-pot dishes is that they're forgiving ‚Äì a little extra simmering time just means more flavor! And here's a secret: keep some rice ready, because once that aroma fills your kitchen, waiting becomes torture!

So next time you're craving comfort food, remember: whether it's sinigang, Irish stew, or Russian borscht, these one-pot wonders aren't just meals ‚Äì they're delicious proof that comfort knows no borders!

Pro tip: Make extra! These dishes taste even better the next day, when all those flavors have had time to become best friends in the pot. Now, who's ready to start cooking?
```","{
    ""language style"": ""The author uses a casual, conversational tone with simple vocabulary accessible to home cooks. Frequent use of exclamation marks and direct reader address ('you') creates an engaging, friendly atmosphere. Technical cooking terms are explained in plain language, with detailed descriptions that help readers visualize the process."",
    
    ""narrative techniques"": ""Articles follow a consistent structure: introduction, background/history, detailed instructions, and variations/serving suggestions. The author employs first-person perspective to share personal experiences and preferences, building credibility and connection with readers. Step-by-step instructions are broken down into manageable chunks with clear transitions between sections."",
    
    ""innovation"": ""The author innovates within the recipe genre by incorporating cultural context and historical background into cooking instructions. Traditional recipe formats are enhanced with troubleshooting tips, storage advice, and pairing suggestions. The writing style blends educational content with conversational tone, making complex cooking techniques more approachable for beginners.""
}"
5,Food,Street Food at Home: Mastering Filipino Food Cart Favorites,Street Food at Home: Mastering Filipino Food Cart Favorites,"```
Pinoy Street Eats: Your Kitchen Cart to Food Stall Fame!

Ever caught yourself craving that perfect fishball sauce at midnight? Or dreaming about the sizzling sisig from your favorite street corner? You're not alone! As a certified street food junkie turned home cook, I've cracked the code to bringing Manila's most beloved street eats right into your kitchen.

Let's start with everyone's favorite - fishballs! That sweet-spicy-vinegary sauce that makes these bouncy bites irresistible isn't some ancient secret. Mix 1 cup water, 3 tablespoons brown sugar, 2 tablespoons vinegar, 1 tablespoon soy sauce, and a dash of chili - boom! You've got that classic manong's sauce. Pro tip: let it simmer for 5 minutes to thicken slightly. Your fishballs will thank you!

Want to level up your kwek-kwek game? Here's the trick to that perfectly crispy orange coating: add a pinch of baking powder to your flour batter. It creates tiny air pockets that make the exterior extra crunchy while keeping the quail eggs tender inside. And yes, that signature orange color comes from atsuete powder - no artificial coloring needed!

Remember that smoky isaw (grilled chicken intestines) you can't resist? The secret is in the marinade! Combine soy sauce, vinegar, crushed garlic, and black pepper - but here's the game-changer: add a splash of 7-Up! The soda's citrus notes and sugar content create that perfect caramelization when grilling.

The best part about making street food at home? You control the cleanliness and ingredients while keeping that authentic taste we all love. Plus, you can experiment! Try adding grated cheese to your squid balls, or spice up your kikiam with chopped bird's eye chilies.

Next time those street food cravings hit, don't grab your wallet - grab your apron instead! With these insider tips, your kitchen is about to become the neighborhood's hottest food cart destination. Just don't blame me when your family starts lining up outside your door!
```","{
    ""language style"": ""The author uses a casual, conversational tone with simple vocabulary accessible to home cooks. Frequent use of exclamation marks and direct reader address ('you') creates an engaging, friendly atmosphere. Technical cooking terms are explained in plain language, with detailed descriptions that help readers visualize the process."",
    
    ""narrative techniques"": ""Articles follow a consistent structure: introduction, background/history, detailed instructions, and variations/serving suggestions. The author employs first-person perspective to share personal experiences and preferences, building credibility and connection with readers. Step-by-step instructions are broken down into manageable chunks with clear transitions between sections."",
    
    ""innovation"": ""The author innovates within the recipe genre by incorporating cultural context and historical background into cooking instructions. Traditional recipe formats are enhanced with troubleshooting tips, storage advice, and pairing suggestions. The writing style blends educational content with conversational tone, making complex cooking techniques more approachable for beginners.""
}"
6,Food,Plant-Based Filipino Classics: Vegetarian Versions of Traditional Dishes,Plant-Based Filipino Classics: Vegetarian Versions of Traditional Dishes,"```
Turn Your Lola's Favorites into Plant-Based Magic: A Filipino Kitchen Revolution!

Remember those Sunday lunches at your grandmother's house, where the aroma of adobo filled the air? Well, get ready to recreate those cherished memories ‚Äì with a green twist! As more Filipinos embrace plant-based living, our beloved traditional dishes are getting a delicious makeover that would make any lola proud.

Let me share how I transformed my family's classic adobo into a mouth-watering mushroom masterpiece. Instead of pork, meaty oyster mushrooms take center stage, soaking up that signature vinegar-soy sauce marinade we all know and love. The result? A dish that's every bit as satisfying as the original, but kinder to both your health and the planet!

Want to veganize your favorite sisig? Tofu and mushrooms, finely chopped and seasoned with calamansi and chili, create that familiar sizzling sensation. For pancit lovers, swap out the meat for strips of jackfruit and tofu ‚Äì you'll be amazed at how the textures perfectly mimic the traditional version.

Here's a game-changing tip: coconut milk is your best friend! Use it to add that creamy richness to your plant-based ginataang anything. And don't forget banana blossoms ‚Äì they make an incredible meat-free substitute in your favorite ulam recipes.

The secret to successful plant-based Filipino cooking? Keep those essential flavor profiles intact ‚Äì the perfect balance of sour, salty, and umami that makes our cuisine unique. Your pantry essentials should include patis-flavored mushroom sauce, coconut aminos (instead of traditional soy sauce), and plenty of garlic and ginger.

Ready to start your plant-based Filipino food journey? Remember, it's not about giving up tradition ‚Äì it's about reimagining it for a healthier, more sustainable future. Your lola might raise an eyebrow at first, but once she tastes these plant-based versions, she might just ask for seconds!

Pro tip: Start with one recipe at a time, and don't be afraid to experiment. That's how our ancestors created these beloved dishes in the first place! Now it's your turn to make history in your own kitchen.
```","{
    ""language style"": ""The author uses a casual, conversational tone with simple vocabulary accessible to home cooks. Frequent use of exclamation marks and direct reader address ('you') creates an engaging, friendly atmosphere. Technical cooking terms are explained in plain language, with detailed descriptions that help readers visualize the process."",
    
    ""narrative techniques"": ""Articles follow a consistent structure: introduction, background/history, detailed instructions, and variations/serving suggestions. The author employs first-person perspective to share personal experiences and preferences, building credibility and connection with readers. Step-by-step instructions are broken down into manageable chunks with clear transitions between sections."",
    
    ""innovation"": ""The author innovates within the recipe genre by incorporating cultural context and historical background into cooking instructions. Traditional recipe formats are enhanced with troubleshooting tips, storage advice, and pairing suggestions. The writing style blends educational content with conversational tone, making complex cooking techniques more approachable for beginners.""
}"
