title,description,contents,category,country,language
Unveiling Frankfurt's Hidden Gems: Where Finance Meets Culture in Europe's Heart,"Exploring the dual nature of Frankfurt as both a bustling financial powerhouse and a city rich in cultural experiences, offering visitors a unique blend of modernity and tradition.","[""Frankfurt, Germany's financial powerhouse, is often overlooked as a cultural destination. Yet, this vibrant city offers visitors a unique blend of modernity and tradition, making it a hidden gem in the heart of Europe. Beyond its reputation as a business hub, Frankfurt boasts a rich tapestry of experiences that cater to history buffs, art enthusiasts, and culinary adventurers alike."", ""The city's skyline is a testament to its economic prowess, with gleaming skyscrapers dominating the horizon. Known as \""Mainhattan\"" due to its resemblance to New York City and its location on the Main River, Frankfurt's financial district is home to some of Europe's most iconic buildings. The Commerzbank Tower, designed by Norman Foster, stands as Germany's second-tallest building, while the distinctively shaped Main Tower offers a public viewing platform for panoramic city views. These architectural marvels not only house major financial institutions but also serve as symbols of Frankfurt's role as a global economic player."", ""Flowing through the heart of the city, the Main River has shaped Frankfurt's history and continues to influence its modern lifestyle. Visitors can explore the city from a unique perspective by taking a river cruise, offering stunning views of the skyline and riverfront attractions. The river's banks are lined with beautiful promenades, perfect for leisurely walks or cycling. During summer, these areas come alive with open-air festivals, markets, and cafes, providing a delightful contrast to the bustling financial district nearby."", ""While Frankfurt's modern face is impressive, its historical heart beats in the Altstadt (Old Town). This charming area, meticulously reconstructed after World War II, offers a glimpse into the city's rich past. The Römerberg, Frankfurt's central square, is surrounded by beautifully restored half-timbered houses and the historic Römer city hall. Nearby, the Frankfurt Cathedral, with its Gothic architecture, stands as a testament to the city's spiritual heritage. This juxtaposition of old and new creates a fascinating urban landscape where centuries of history coexist with cutting-edge modernity."", ""Frankfurt's cultural scene is as diverse as its architecture. The Museum Embankment, home to over a dozen world-class museums, showcases everything from fine art at the Städel Museum to natural history at the Senckenberg Museum. Theater enthusiasts can enjoy performances at the English Theatre, the largest English-speaking theater in continental Europe, or experience avant-garde productions at the Frankfurt Opera. The city's calendar is packed with events like the Frankfurt Book Fair, the world's largest trade fair for books, and the Museum Embankment Festival, celebrating the city's rich cultural heritage."", ""No visit to Frankfurt is complete without indulging in its culinary delights. The city offers a gastronomic journey that ranges from traditional to innovative. In the charming Sachsenhausen district, visitors can sample Apfelwein (apple wine) in rustic taverns, a local specialty that's been enjoyed for centuries. For those seeking fine dining, Frankfurt boasts several Michelin-starred restaurants that blend local ingredients with international flair. The Kleinmarkthalle, a historic covered market, is a food lover's paradise, offering a vast array of local and international delicacies. From hearty German fare to creative fusion cuisine, Frankfurt's food scene reflects its status as a truly international city.""]",Travel,PH,en
All Aboard! 5 Breathtaking Train Rides That Will Make You Forget to Check Your Phone,"Exploring the world's most scenic train journeys that offer a unique blend of natural beauty, technological marvel, and historical charm.","[""In an age of high-speed travel and constant connectivity, there's something undeniably romantic about embarking on a scenic train journey. These railway adventures offer a unique blend of natural beauty, technological marvel, and historical charm that can captivate even the most tech-savvy travelers. Let's explore five of the world's most breathtaking train rides that promise to keep your eyes glued to the window, not your screen."", ""The Swiss Alps Experience: Imagine gliding through picturesque mountain passes and quaint villages, all while surrounded by the majestic peaks of the Swiss Alps. The Glacier Express, often called the slowest express train in the world, takes you on an 8-hour journey from Zermatt to St. Moritz. With panoramic windows and gourmet dining, this train ride offers unparalleled views of snow-capped mountains, pristine lakes, and charming Swiss chalets."", ""Japan's Bullet Trains: For a perfect fusion of speed and scenery, Japan's Shinkansen network is hard to beat. The Tokyo to Kyoto route is particularly stunning, offering glimpses of Mount Fuji and, during spring, a sea of cherry blossoms. Despite reaching speeds of up to 320 km/h, these sleek trains provide a smooth ride and large windows to take in the rapidly changing landscapes."", ""The Trans-Siberian Railway: For the ultimate railway adventure, nothing compares to the Trans-Siberian Railway. Spanning over 9,000 kilometers from Moscow to Vladivostok, this epic journey takes you across diverse landscapes and cultures. From the Ural Mountains to the shores of Lake Baikal and through the vast Siberian taiga, each day brings new and awe-inspiring vistas."", ""Scotland's Jacobite Steam Train: Step back in time with a ride on the Jacobite Steam Train in Scotland. This nostalgic journey takes you through the Scottish Highlands, across the Glenfinnan Viaduct (famous from the Harry Potter films), and past lochs and glens. The vintage steam locomotive and carriages add to the magical atmosphere, making you feel like you're traveling through a living postcard."", ""The Rocky Mountaineer in Canada: Topping our list is the Rocky Mountaineer, offering several routes through the breathtaking Canadian Rockies. The journey from Vancouver to Banff is particularly spectacular, winding through river canyons, pristine forests, and snow-capped peaks. With glass-dome coaches and gourmet dining, this luxury train experience combines comfort with unparalleled natural beauty."", ""As we've seen, these incredible train journeys offer more than just transportation – they're experiences in themselves. In a world where we're constantly rushing from point A to point B, these scenic routes remind us to slow down and appreciate the journey. They also represent a more sustainable way to travel, allowing us to explore the world's most beautiful landscapes while minimizing our environmental impact. So the next time you plan a trip, consider trading your plane ticket for a train pass. You might just find that the journey becomes the most memorable part of your adventure.""]",Travel,PH,en
Unveiling the Magic: 5 Must-See Gems in Europe's Most Enchanting Skylines,Exploring the timeless allure of historic European cities through their architectural marvels and atmospheric landscapes.,"[""Europe's historic cities are a treasure trove of architectural wonders and breathtaking views. From towering church spires to medieval fortifications, these urban landscapes tell stories of centuries past while embracing the vibrancy of modern life. Let's embark on a journey to discover the timeless allure of Europe's most captivating skylines."", ""Prague, Czech Republic, known as the 'City of a Hundred Spires', offers a skyline that is a gothic dream come true. The iconic Tyn Church and Prague Castle dominate the horizon, offering a fairytale-like vista."", ""Edinburgh, Scotland boasts Edinburgh Castle perched atop Castle Rock, creating a dramatic silhouette against the sky, while the medieval Old Town and Georgian New Town provide a stunning contrast."", ""In Budapest, Hungary, the illuminated Buda Castle and Hungarian Parliament Building reflect magnificently in the Danube River, creating a mesmerizing nighttime spectacle."", ""Tallinn, Estonia, a Baltic gem, boasts a well-preserved medieval Old Town, with its iconic spire of St. Olaf's Church piercing the sky."", ""Florence, Italy's skyline is defined by the dome of the Florence Cathedral, designed by Brunelleschi, complemented by the Palazzo Vecchio's tower."", ""These cityscapes are defined by a harmonious blend of architectural styles spanning centuries. Gothic cathedrals with their soaring spires stand alongside Renaissance palaces and Baroque churches. Medieval towers and fortifications remind us of the cities' defensive pasts, while modern buildings in some locations add a contemporary touch to these historic panoramas."", ""To fully appreciate these urban marvels, timing is everything. The period just after sunset often provides the most magical views, as the sky deepens to a rich blue and city lights begin to twinkle. For photographers, early morning offers soft light and fewer crowds. Consider using a tripod for night shots and experiment with long exposures to capture the glow of illuminated buildings reflected in rivers or harbors."", ""Beyond their visual appeal, these skylines are gateways to rich cultural experiences. Each spire, dome, and tower has a story to tell. Climb to panoramic viewpoints for a bird's-eye view, then descend to explore winding cobblestone streets. Visit local markets, enjoy regional cuisine, and immerse yourself in the living history these cities offer. Remember, the true magic of these enchanting skylines lies not just in their beauty, but in the centuries of human creativity, resilience, and ambition they represent.""]",Travel,PH,en
Frozen Paradise: 5 Reasons Why Arctic Villages Are the Ultimate Winter Escape,"The allure and challenges of life in the Arctic's winter wonderlands, where breathtaking natural beauty meets human adaptation and community spirit.","[""Imagine a world where snow-capped mountains tower over colorful houses nestled in a pristine winter landscape, all bathed in the warm glow of a sunset sky. This isn't a scene from a fairy tale—it's the reality of life in Arctic villages, offering an unparalleled winter escape for adventurous travelers. These remote communities, perched on the edge of frozen fjords, provide a unique blend of breathtaking natural beauty and heartwarming human resilience."", ""One of the most captivating aspects of Arctic villages is their stunning natural scenery. Majestic mountains dusted with snow create a dramatic backdrop, while frozen fjords stretch out as far as the eye can see. The interplay of light during polar nights and days paints the sky in an array of mesmerizing colors, from soft pinks to deep purples. This ever-changing canvas of nature offers photographers and nature enthusiasts endless opportunities to capture once-in-a-lifetime moments."", ""Immersing yourself in the local culture is another compelling reason to visit these Arctic havens. Despite the harsh environment, these communities have thrived for generations, developing unique traditions and ways of life. Visitors can experience local cuisines featuring fresh seafood and game, learn about traditional crafts, and participate in age-old festivals that celebrate the return of the sun after the long polar night."", ""For adventure seekers, Arctic villages serve as gateways to exhilarating winter activities. Imagine gliding across the snow-covered landscape on a dog sled, feeling the rush of excitement as you ski down pristine slopes, or testing your patience with ice fishing on a frozen lake. One of the most magical experiences is witnessing the Northern Lights dance across the sky, a natural phenomenon that leaves viewers in awe of the universe's beauty."", ""Choosing to visit Arctic villages also contributes to sustainable tourism, an increasingly important consideration for modern travelers. Many of these communities have embraced eco-friendly practices to preserve their delicate ecosystems. By visiting, you're supporting local economies and helping to maintain traditional ways of life. It's a chance to see firsthand how humans can live in harmony with nature, even in the most challenging environments."", ""Planning a trip to an Arctic village requires careful preparation. The best time to visit is typically between December and March when the winter wonderland is in full glory. Pack plenty of warm, layered clothing, and don't forget essentials like thermal underwear, quality boots, and hand warmers. It's also wise to book guided tours for activities like Northern Lights viewing or dog sledding to ensure a safe and enjoyable experience. With the right preparation, a visit to an Arctic village can be a transformative journey, offering a unique perspective on the beauty of winter and the resilience of human communities in extreme conditions.""]",Nature,PH,en
Shake Up Your Drink Game: Master Mixologist Secrets Revealed!,Exploring the art of mixology through innovative cocktail recipes and techniques to elevate your home bartending skills.,"[""The art of mixology has evolved far beyond simply mixing spirits and mixers. Today, craft cocktails are taking center stage, with bartenders and home enthusiasts alike exploring innovative flavor combinations and stunning presentations. This rising trend in mixology is all about creating an experience that delights both the palate and the eye."", ""To begin your mixology journey, you'll need to stock your home bar with the right tools and ingredients. Essential items include a quality shaker, muddler, jigger, and strainer. For glassware, invest in a variety of styles like coupes, highballs, and rocks glasses. When it comes to spirits, expand beyond the basics with unique liqueurs, bitters, and fresh herbs. Don't forget the importance of quality ice - large, clear cubes not only look impressive but also melt slower, maintaining your drink's integrity."", ""Mastering basic techniques is crucial for creating high-quality cocktails at home. Start with the fundamentals: muddling herbs to release their oils, shaking cocktails with ice to achieve the perfect dilution and temperature, and mastering the art of layering drinks for a striking visual effect. Practice these methods with classic recipes before venturing into more complex creations."", ""Once you've honed your skills, it's time to let your creativity shine by crafting signature drinks. The key to inventing memorable cocktails lies in balancing flavors and incorporating unexpected elements. Start with a base spirit and build layers of complexity with complementary or contrasting flavors. For example, pair the tartness of citrus with the sweetness of honey, or add a spicy kick to a fruity mixture. Don't be afraid to experiment with unusual ingredients like herbs, spices, or even savory elements."", ""The final touch in elevating your cocktail game is mastering the art of garnishing. A well-chosen garnish not only enhances the drink's aroma but also adds visual appeal. Get creative with your presentations - try using edible flowers, intricate citrus twists, or even smoked elements. Experiment with uniquely shaped ice molds to add an extra wow factor. Remember, the first impression is made with the eyes, so aim for a color palette that's as vibrant and enticing as the flavors within."", ""By embracing these mixologist secrets, you'll be well on your way to creating eye-catching cocktails that taste as amazing as they look. Remember, the world of mixology is all about exploration and enjoyment. So grab your shaker, unleash your inner artist, and prepare to impress your guests with your newfound bartending skills!""]",Food and Cuisine,PH,en
Antlers Through the Seasons: The Secret Life of Red Deer Revealed!,The seasonal adaptability and enduring presence of red deer in various habitats demonstrate nature's resilience and the importance of preserving diverse ecosystems for wildlife.,"[""Red deer, majestic creatures of the forest, have long captivated nature enthusiasts with their impressive antlers and adaptable nature. These remarkable animals, found across various habitats, play a crucial role in maintaining the delicate balance of forest ecosystems. With their striking reddish-brown coats and imposing stature, red deer are not only a sight to behold but also a testament to the resilience of wildlife in changing environments."", ""One of the most fascinating aspects of red deer biology is the seasonal changes they undergo, particularly in relation to their antlers. Each year, male red deer, known as stags, go through an incredible process of antler growth and shedding. In spring, new antlers begin to grow, covered in a soft, fuzzy tissue called velvet. As summer progresses, the antlers harden and the velvet is shed, revealing the magnificent rack that will be used during the autumn rutting season. This annual cycle is not just a display of nature's artistry but also a crucial part of the deer's mating rituals and social interactions."", ""The role of red deer in forest ecosystems extends far beyond their visual appeal. As large herbivores, they significantly impact vegetation through their grazing habits. Their feeding patterns can shape the structure of forests, creating diverse habitats for other species. By browsing on young trees and shrubs, deer help maintain open areas within woodlands, which benefits a variety of plants and animals that thrive in these clearings. Additionally, their droppings serve as natural fertilizer, enriching the soil and promoting plant growth."", ""However, red deer populations face numerous challenges in today's rapidly changing world. Habitat loss due to urban expansion and agricultural development poses a significant threat to these animals. Climate change also impacts their natural habitats, altering food availability and potentially disrupting their seasonal patterns. In some areas, overabundance of deer can lead to overgrazing, causing ecological imbalances. These challenges highlight the complex relationship between wildlife and their environments, emphasizing the need for careful management and conservation strategies."", ""Conservation efforts for red deer and their habitats are crucial for maintaining biodiversity in forest ecosystems. Wildlife managers and conservationists work tirelessly to balance deer populations with available resources, often employing strategies such as habitat restoration and controlled hunting. Protecting and connecting forest areas allows deer to move freely, promoting genetic diversity and resilience. Public education plays a vital role in these efforts, fostering an appreciation for these magnificent animals and the ecosystems they inhabit. By preserving red deer and their habitats, we not only ensure the survival of an iconic species but also protect the intricate web of life in our forests for generations to come.""]",Wildlife,PH,en
Sizzling Secrets: Unleash Your Inner Sausage Master!,Exploring the art of homemade sausage making as a way to elevate everyday meals and rediscover traditional culinary techniques.,"[""Are you tired of store-bought sausages lacking that homemade touch? It's time to roll up your sleeves and dive into the world of artisanal sausage making! Crafting your own sausages not only allows you to control the quality of ingredients but also opens up a realm of creative flavor possibilities."", ""Before you begin your sausage-making journey, it's essential to gather the right tools and ingredients. You'll need a meat grinder, sausage stuffer, casings, and of course, high-quality meat. Don't forget your favorite herbs and spices – these will be key in creating your signature flavors. A sturdy wooden cutting board and sharp knife are also must-haves for preparing your ingredients."", ""Now, let's delve into the sausage-making process. Start by choosing your meat – pork shoulder is a popular choice due to its ideal fat content. Cut the meat into small cubes and chill it thoroughly. Next, grind the meat with your chosen spices and herbs. Mix well and let the flavors blend in the refrigerator for a few hours or overnight."", ""When you're ready to stuff, soak your casings in warm water to make them pliable. Attach the sausage stuffer to your machine and carefully slide the casing onto the nozzle. Slowly feed the meat mixture into the stuffer, guiding the filled casing as it emerges. Once you've reached your desired length, twist the sausage to create links."", ""The real fun begins when experimenting with flavors. Try classic combinations like garlic and fennel for Italian sausage, or get creative with apple and sage for a gourmet twist. Don't hesitate to incorporate unique ingredients like sun-dried tomatoes, smoked cheeses, or even your favorite craft beer for truly distinctive sausages."", ""When it comes to cooking your homemade creations, the possibilities are endless. Grill them for a smoky char, pan-fry for a crispy exterior, or simmer in your favorite sauce. Serve your sausages on a crusty roll with sautéed peppers and onions, slice them into pasta dishes, or feature them in a hearty stew. The satisfaction of serving a meal starring your very own handcrafted sausages is truly unbeatable!""]",Food and Cuisine,PH,en
Pink Perfection: Unveiling the Secret World of Flamingos After Dark,"The unexpected beauty and grace of flamingos in their natural habitat, and how these iconic birds can inspire wildlife enthusiasts and photographers to explore and appreciate the wonders of tropical ecosystems.","[""Flamingos, those iconic pink birds that grace tropical landscapes, have long captivated our imagination with their vibrant plumage and elegant posture. Found in various parts of the world, from the Caribbean to Africa and even parts of Europe and Asia, these fascinating creatures are more than just a pretty sight. They possess unique characteristics that make them stand out in the avian world, including their distinctive curved beaks and their ability to stand on one leg for extended periods."", ""The science behind the flamingo's iconic pink coloration is a testament to the intricate connections in nature. Their rosy hue isn't innate but rather a result of their diet. Flamingos feed on algae and small crustaceans that contain carotenoid pigments. As they digest these foods, the pigments are broken down and deposited in their feathers, skin, and even eggs, giving them their characteristic pink color. The intensity of their pink can vary depending on the specific pigments in their food source, ranging from light pink to deep red."", ""Flamingos are highly social birds, often gathering in massive flocks that can number in the thousands. These large groups serve multiple purposes, from protection against predators to increasing the chances of successful breeding. Within these flocks, flamingos engage in complex social behaviors, including synchronized movements that resemble choreographed dances."", ""Despite their seemingly aloof appearance, flamingos form strong pair bonds during breeding season. Both parents share the responsibility of incubating their single egg and caring for the chick. Interestingly, flamingo chicks are born with gray or white feathers and only develop their pink coloration as they mature and their diet changes."", ""While flamingos have captured our hearts, they face numerous challenges in the wild. Habitat loss due to human encroachment, pollution, and climate change poses significant threats to flamingo populations worldwide. Conservation efforts are crucial to protect these birds and their delicate ecosystems. Organizations are working to preserve wetlands, monitor population sizes, and educate local communities about the importance of flamingo habitats."", ""For wildlife enthusiasts and photographers eager to observe flamingos in their natural habitat, responsible viewing practices are essential. Maintain a respectful distance to avoid disturbing the birds, especially during breeding seasons. Use telephoto lenses for close-up shots without invading their space. Consider visiting protected areas or wildlife reserves that offer guided tours, as these often provide the best opportunities for viewing while ensuring the birds' well-being."", ""As we continue to learn about flamingos' lives, let's appreciate their beauty while committing to their conservation. These pink-feathered wonders remind us of nature's incredible diversity and the importance of preserving it for future generations to enjoy.""]",Travel,PH,en
Dive into the Minds of the Sea: 5 Astounding Dolphin Behaviors That Will Blow You Away!,"The extraordinary intelligence and social nature of dolphins, as well as the urgent need to protect their ocean habitats from human-induced threats.","[""Dolphins have long captivated our imagination with their playful nature and seemingly endless smiles. But beneath the surface lies a world of intelligence and complexity that continues to astound scientists and animal lovers alike. These marine mammals possess remarkable cognitive abilities and social structures that rival some of the most intelligent species on Earth."", ""One of the most impressive dolphin behaviors is their use of echolocation. This biological sonar allows dolphins to navigate and hunt with incredible precision in murky waters. By emitting high-pitched clicks and listening to the echoes, dolphins can create detailed 'sound pictures' of their surroundings. This ability is so refined that they can detect fish hiding in the sand or differentiate between similar objects based on density alone."", ""Dolphins are also masters of communication, using a complex system of whistles, clicks, and body language to interact with each other. Each dolphin has a unique signature whistle, essentially its name, which it uses to identify itself to others. They can even mimic the signature whistles of absent pod members, suggesting they might 'talk about' friends who aren't present!"", ""The problem-solving abilities of dolphins are truly remarkable. In captivity, they've been observed using tools, such as sponges to protect their snouts while foraging on the seafloor. Wild dolphins have been seen creating 'nets' of mud to trap fish, demonstrating an understanding of cause and effect that was once thought to be uniquely human."", ""Perhaps most touching is the empathy and altruism dolphins display. There are numerous accounts of dolphins helping injured members of their own species, and even assisting humans and other animals in distress. This behavior suggests a level of emotional intelligence that challenges our understanding of animal cognition."", ""Despite their incredible abilities, dolphins face numerous threats in today's oceans. Pollution, overfishing, and climate change are putting immense pressure on dolphin populations worldwide. As we continue to unravel the mysteries of dolphin intelligence, it becomes increasingly clear that protecting these magnificent creatures and their habitats is not just a matter of conservation, but a moral imperative. By supporting marine protected areas, reducing plastic waste, and making sustainable seafood choices, we can all play a part in ensuring that future generations can continue to be amazed by the extraordinary minds of the sea.""]",Wildlife,PH,en
Unlock the Magic of Mountain Winters: 5 Reasons to Embrace the Chill,"The allure of winter mountain retreats lies in their ability to offer a peaceful escape and connection with nature, while providing cozy shelter amidst breathtaking scenery.","[""Winter transforms mountainous regions into breathtaking wonderlands, offering a unique allure that captivates the soul. Snow-capped peaks rise majestically against crisp blue skies, while pristine white valleys stretch as far as the eye can see. The interplay of light on snow creates a magical spectacle, painting the landscape in an ever-changing array of hues from soft pinks at dawn to golden glows at sunset."", ""Nestled within this winter paradise, cozy mountain retreats offer a warm embrace amidst the frosty surroundings. Log cabins, with their rustic charm, become havens of comfort and tranquility. Imagine curling up by a crackling fireplace, sipping hot cocoa as you gaze out at the snow-covered landscape. These snug shelters provide the perfect base for immersing yourself in the winter wonderland outside."", ""For adventure enthusiasts, winter mountains are a playground of exhilarating activities. Carve down pristine slopes on skis or a snowboard, feeling the rush of cold air on your face. Glide silently through snow-covered forests on cross-country skis or snowshoes, discovering hidden winter gems. For a unique experience, try ice climbing on frozen waterfalls or take a thrilling dog sledding tour through the backcountry."", ""Beyond the physical adventures, winter mountain getaways offer profound therapeutic benefits for the mind and soul. The crisp mountain air and serene white landscapes create an environment conducive to relaxation and mental clarity. The stillness of snow-muffled surroundings allows for peaceful introspection, while the majestic mountain vistas inspire a sense of awe and perspective. Many find that time spent in these winter retreats reduces stress, enhances mood, and rejuvenates the spirit."", ""As we embrace the magic of mountain winters, it's crucial to consider the delicate balance of these ecosystems. Sustainable winter tourism practices are essential to preserve these pristine environments for future generations. Opt for eco-friendly accommodations, stick to designated trails, and always follow Leave No Trace principles. By being mindful visitors, we can ensure that the enchanting beauty of winter mountains continues to captivate and inspire for years to come.""]",Nature,PH,en
Unveiling Earth's Best-Kept Secrets: 5 Tropical Paradises You Never Knew Existed,Discovering hidden paradises: The allure of secluded tropical beaches and the quest for ultimate relaxation,"[""In an era of mass tourism and overcrowded beaches, the allure of secluded tropical havens has never been stronger. Travelers are increasingly seeking out hidden gems that offer pristine shores, crystal-clear waters, and a sense of exclusivity. These remote paradises provide a perfect escape from the hustle and bustle of everyday life, allowing visitors to truly unwind and reconnect with nature."", ""For those yearning for an off-the-beaten-path adventure, here are five under-the-radar tropical destinations that promise unspoiled beauty and unparalleled tranquility:"", ""1. Palawan, Philippines: Known as the \""last frontier,\"" this archipelago boasts limestone cliffs, hidden lagoons, and some of the clearest waters in the world."", ""2. Pemba Island, Tanzania: A less-visited alternative to Zanzibar, Pemba offers world-class diving, lush forests, and beaches that rival any postcard."", ""3. Con Dao Islands, Vietnam: This remote archipelago features untouched beaches, diverse marine life, and a rich history."", ""4. Isla Holbox, Mexico: A car-free island with powdery white sand, bioluminescent beaches, and a laid-back atmosphere."", ""5. Huahine, French Polynesia: Often overlooked in favor of Bora Bora, this \""Garden of Eden\"" offers archaeological sites, pristine beaches, and authentic Polynesian culture."", ""While the discovery of these hidden paradises is exciting, it's crucial to consider the environmental impact of tourism on these delicate ecosystems. Responsible travel practices are essential to preserve these natural wonders for future generations. Visitors should opt for eco-friendly accommodations, respect local wildlife, and minimize their carbon footprint. Many of these destinations have implemented strict conservation measures, and travelers should educate themselves on local regulations before visiting."", ""When choosing accommodations in these tropical havens, travelers face the dilemma of luxury versus eco-friendliness. Fortunately, many resorts now offer the best of both worlds. Look for properties that use renewable energy sources, practice water conservation, and support local communities. Some excellent examples include overwater bungalows with solar panels, treehouses built with sustainable materials, and beach cottages that blend seamlessly with the natural surroundings."", ""To truly appreciate these hidden gems, venture beyond the beach and immerse yourself in unique experiences. Try traditional cooking classes using local ingredients, explore ancient ruins hidden in lush jungles, or participate in coral reef restoration projects. For the adventurous, activities like night kayaking in bioluminescent waters, hiking to secret waterfalls, or learning traditional fishing techniques from locals can create unforgettable memories."", ""By seeking out these lesser-known destinations and embracing responsible travel, you can discover the true meaning of paradise while helping to preserve these natural wonders for generations to come.""]",Travel,PH,en
10 Breathtaking Bridges That Will Make Your Jaw Drop,Exploring the world's most stunning bridges: Where engineering marvels meet natural beauty,"[""Bridges are more than just functional structures connecting two points; they are marvels of human ingenuity and artistic expression. These architectural wonders stand as testaments to our ability to overcome natural barriers, while simultaneously enhancing the beauty of their surroundings. From ancient stone arches to modern marvels of engineering, bridges have captivated our imagination for centuries."", ""Cable-stayed bridges, in particular, represent the pinnacle of bridge engineering. These elegant structures use cables extending from towers to support the bridge deck, creating a visually striking and efficient design. The interplay of tension and compression in these bridges allows them to span great distances with minimal materials, pushing the boundaries of what's possible in bridge construction."", ""For photography enthusiasts and travelers alike, bridges offer some of the most stunning views imaginable. Here are five bridges renowned for their photogenic qualities, especially during sunrise and sunset:"", ""1. Golden Gate Bridge, San Francisco, USA"", ""2. Charles Bridge, Prague, Czech Republic"", ""3. Sydney Harbour Bridge, Sydney, Australia"", ""4. Tower Bridge, London, UK"", ""5. Rialto Bridge, Venice, Italy"", ""These bridges not only offer breathtaking views but also provide perfect backdrops for capturing the beauty of the golden hours."", ""Beyond their aesthetic appeal, iconic bridges play a crucial role in local economies and tourism. They become symbols of their cities, attracting millions of visitors each year. The Golden Gate Bridge, for instance, is synonymous with San Francisco, drawing over 10 million visitors annually. Similarly, the Sydney Harbour Bridge has become an integral part of Sydney's identity, hosting events like New Year's Eve fireworks that draw global attention."", ""As we look to the future, bridge design is evolving to meet the challenges of sustainability and environmental conservation. Modern bridges are being constructed with eco-friendly materials, incorporating renewable energy technologies, and designed to minimize their impact on local ecosystems. These sustainable designs aim to create structures that not only connect communities but also harmonize with their natural surroundings, ensuring that future generations can continue to marvel at these feats of engineering in harmony with nature.""]",Travel,PH,en
Conquer Your Fears or Preserve Paradise? The Mountain Dilemma Travelers Can't Ignore,"The allure and challenges of exploring remote mountain landscapes, balancing the thrill of adventure with responsible tourism and environmental preservation.","[""The towering peaks, pristine lakes, and winding rivers of mountain landscapes have an undeniable allure that captivates travelers from around the world. These awe-inspiring vistas stir something deep within us, igniting a primal desire for adventure and exploration. The sheer majesty of snow-capped mountains reflected in crystal-clear waters speaks to our souls, promising unforgettable experiences and a chance to connect with nature in its purest form."", ""However, as more people seek out these breathtaking destinations, the importance of responsible tourism becomes increasingly crucial. The fragile ecosystems of mountain regions are particularly vulnerable to human impact. Visitors must tread lightly, adhering to Leave No Trace principles and supporting local conservation efforts. By choosing eco-friendly accommodations, respecting wildlife habitats, and properly disposing of waste, travelers can help preserve these natural wonders for future generations."", ""Embarking on a mountain expedition requires careful preparation and respect for the environment's challenges. Proper acclimatization is essential to avoid altitude sickness, which can quickly turn a dream vacation into a difficult experience. Travelers should plan for gradual ascents, stay hydrated, and listen to their bodies. Essential gear like sturdy hiking boots, weather-appropriate clothing, and navigation tools are non-negotiable. Safety should always be the top priority, with experienced guides often providing invaluable local knowledge and support."", ""Beyond their physical beauty, mountain regions often hold rich cultural and historical significance. Many are home to indigenous communities with centuries-old traditions and unique ways of life. Responsible travelers should seek opportunities to learn about and respect these cultures, supporting local economies through ethical tourism practices. Engaging with local communities can provide profound insights and create meaningful connections that enhance the travel experience."", ""The challenge for modern adventurers lies in finding a balance between satisfying wanderlust and minimizing environmental impact. This might mean visiting popular mountain destinations during off-peak seasons to reduce overcrowding, or exploring lesser-known areas to distribute tourism's effects more evenly. Travelers can also contribute to conservation efforts through volunteer opportunities or by supporting local environmental initiatives."", ""As we stand in awe of these majestic landscapes, we must remember our role as stewards of the earth. The thrill of reaching a summit or discovering a hidden alpine lake should be balanced with a commitment to preserving these natural treasures. By approaching mountain travel with respect, preparation, and a sense of responsibility, we can ensure that these awe-inspiring destinations continue to inspire and captivate for generations to come.""]",Travel,PH,en
Unlock the Secrets of Artisanal Bread: 5 Pro Tips for Baking Instagram-Worthy Loaves at Home,"Exploring the art and science of baking perfect artisanal bread at home, from selecting quality ingredients to mastering techniques for achieving that coveted crusty exterior and soft interior.","[""Artisanal bread-making has experienced a resurgence in recent years, with home bakers eager to create bakery-quality loaves in their own kitchens. The key to success lies in understanding the fundamentals of bread-making and selecting the right ingredients. High-quality flour is the foundation of any great loaf, and knowing how different grain types affect texture and flavor is crucial. Whole wheat flour adds nutty complexity, while bread flour's high protein content contributes to better structure."", ""Mastering the art of kneading and fermentation is essential for developing gluten and enhancing bread structure. Proper kneading techniques distribute ingredients evenly and create the elastic network that gives bread its characteristic chewiness. Don't rush this step - take your time to feel the dough transform under your hands. As for fermentation, allowing your dough to rise slowly in a cool environment can result in more complex flavors and improved texture."", ""Creating the perfect crust is often considered the hallmark of a well-made artisanal loaf. Steam baking is a professional technique that home bakers can easily replicate. Simply place a pan of hot water in the oven as you bake to create a humid environment. This moisture helps the crust expand fully before setting, resulting in that desirable crispy exterior. Scoring patterns not only add visual appeal but also control how the bread expands during baking."", ""Temperature and timing play crucial roles in achieving consistent results across various bread styles. Invest in an oven thermometer to ensure accuracy, as many home ovens can be off by several degrees. Pay attention to your dough's temperature throughout the process - from mixing to proofing to baking. Each stage has an optimal temperature range that affects the final product."", ""Once you've mastered the basics, it's time to explore flavor variations and add-ins to elevate your homemade bread from basic to gourmet. Experiment with herbs, spices, nuts, or dried fruits to create unique flavor profiles. Try incorporating olives for a Mediterranean twist, or add roasted garlic for a savory kick. Remember, the key to great artisanal bread is patience, practice, and a willingness to experiment. With these expert tips, you'll be baking picture-perfect loaves in no time!""]",Food and Cuisine,PH,en
Unlock the Sweet Secrets: 5 Surprising Ways Honey Can Transform Your Life!,Exploring the wonders of honey: From hive to table and its myriad uses in cooking and wellness,"[""Honey, nature's liquid gold, is more than just a sweet treat. This ancient superfood packs a powerful punch when it comes to health benefits. Raw honey is rich in antioxidants, enzymes, and nutrients that can boost your immune system, soothe sore throats, and even help with allergies. Adding a spoonful to your daily routine could be the key to unlocking better health and vitality."", ""But honey's uses go far beyond stirring it into your tea. In the kitchen, it's a versatile ingredient that can elevate your culinary creations. Try using it as a glaze for roasted meats, a natural sweetener in salad dressings, or a secret ingredient in marinades. Its unique flavor profile can add depth and complexity to both sweet and savory dishes."", ""Not all honey is the same. Different varieties, from light and floral acacia to rich and robust buckwheat, can bring unique flavors to your cooking and baking. Experiment with different types to find your favorite. Use lighter honeys in delicate desserts and darker ones in hearty breads or barbecue sauces. The possibilities are endless!"", ""Honey's benefits extend beyond the kitchen and into your beauty routine. Its natural moisture-retaining properties make it an excellent moisturizer for skin and hair. Try a honey face mask for glowing skin or mix it with olive oil for a nourishing hair treatment. As a natural antiseptic, it can also help heal minor cuts and burns."", ""Supporting local beekeepers is a great way to make a positive impact. By choosing locally sourced honey, you're not only getting a fresher, more flavorful product, but also supporting crucial pollination efforts in your area. Look for raw, unfiltered honey at farmers' markets or local health food stores to taste the true essence of your region's plant life. Remember, every jar of honey is a testament to the hard work of thousands of bees and the delicate balance of our ecosystem.""]",Food and Cuisine,PH,en
Unleash Winter Wonders: 5 Unforgettable Adventures with Your Furry Explorer,"The enduring spirit of adventure and companionship between humans and dogs, regardless of season or setting.","[""Winter's icy embrace brings a unique charm to outdoor adventures, especially when shared with a four-legged companion. The bond between humans and their canine friends grows stronger as they brave the elements together, creating memories that last long after the snow has melted."", ""Before embarking on your winter wonderland journey, proper preparation is key. Essential gear for your furry friend includes booties to protect their paws from ice and salt, a well-fitting coat for extra warmth, and a collapsible water bowl to keep them hydrated. Don't forget to pack some high-energy treats to fuel your adventures!"", ""Ready to explore? Here are the top 5 winter activities to enjoy with your loyal companion:"", ""1. Snowshoeing through pristine forests"", ""2. Skijoring - an exciting blend of cross-country skiing and dog sledding"", ""3. Building snow forts and igloos together"", ""4. Winter hiking to frozen waterfalls"", ""5. Frozen lake walks (when safe) for breathtaking views"", ""While winter outings can be exhilarating, safety should always be a priority. Keep a close eye on your dog for signs of cold stress, such as shivering or lifting paws. Avoid icy patches that could lead to slips and falls. Always carry a first-aid kit and be aware of the signs of hypothermia in both you and your pet."", ""The benefits of these outdoor winter experiences extend far beyond the joy of the moment. For dogs, the mental stimulation and physical exercise help prevent cabin fever and maintain overall health. Owners benefit from increased physical activity, stress relief, and the pure happiness that comes from watching their furry friend enjoy the snow. So bundle up, leash up, and step into a world of winter wonders with your loyal companion by your side!""]",Travel,PH,en
Frozen in Time: When Ice Meets the Sunset Surf,"The interplay between ephemeral beauty and natural forces, as exemplified by the fleeting moments of sunset and the constant motion of waves, invites reflection on the transient yet cyclical nature of our world.","[""Nature's most mesmerizing moments often occur when opposing forces collide. One such spectacle unfolds on certain beaches where ice meets the warm hues of a setting sun. This rare phenomenon requires a unique set of conditions, typically found in polar or sub-polar regions where sea ice can form and drift to shore. As temperatures fluctuate, chunks of ice may be left behind on beaches, creating an otherworldly landscape."", ""The interplay between ice and waves is a dynamic process that shapes these frozen formations on the shore. As waves crash against the ice, they sculpt and erode its surface, creating intricate patterns and forms. The constant motion of the water can cause smaller pieces to tumble and roll, smoothing their edges over time. Larger ice chunks may become temporary fixtures, anchored in the sand until the tide or warmer temperatures reclaim them."", ""The beauty of a beach sunset is enhanced when ice is present, as the low-angled light interacts with both water and frozen surfaces. Sunsets occur when the sun's rays must travel through more of the Earth's atmosphere, scattering shorter wavelengths and allowing longer, warmer wavelengths to dominate. This creates the characteristic reds, oranges, and pinks that color the sky. When these hues reflect off the ocean and illuminate translucent ice, the result is a breathtaking display of light and color."", ""The presence of ice on beaches can be an indicator of larger environmental patterns. In some areas, it may be a normal seasonal occurrence, while in others, it could signal shifts in ocean currents or climate patterns. Scientists study these occurrences to better understand local ecosystems and how they are responding to environmental changes. The interaction between ice, water, and shoreline also plays a crucial role in coastal erosion and sediment distribution."", ""For photographers and nature enthusiasts, capturing the fleeting beauty of ice on a sunset beach is an exciting challenge. To photograph such scenes effectively, timing is crucial. The 'golden hour' just before sunset often provides the most dramatic lighting. Wide-angle lenses can help capture the expanse of the scene, while faster shutter speeds freeze the motion of waves. Tripods are essential for sharp images in low light, and neutral density filters can help balance exposure between bright skies and darker foregrounds."", ""The contrast of ice and sunset on a beach serves as a powerful reminder of nature's ability to surprise and inspire. It embodies the constant flux of our planet's systems - the cyclical nature of tides, the changing of seasons, and the ever-shifting boundary between land and sea. In these fleeting moments, we glimpse the delicate balance of our world and are reminded of the extraordinary beauty that emerges when different elements of nature converge.""]",Travel,PH,en
Unveiling Nature's Masterpiece: Where Earth Meets Sky in a Spectacular Autumn Symphony,The awe-inspiring beauty of natural landscapes and the importance of preserving these unique geological and meteorological wonders for future generations.,"[""Our planet is home to countless natural wonders, but few can match the awe-inspiring beauty of landscapes where rugged terrain, vibrant foliage, and ethereal skies converge. These geological marvels offer a glimpse into Earth's dynamic past and present, showcasing the powerful forces that have shaped our world over millions of years."", ""The foundation of such breathtaking scenes lies in the complex geological processes that form rocky terrains and massive boulders. Over eons, tectonic movements, volcanic activity, and erosion work together to craft these magnificent landscapes. Mountains rise from the Earth's crust, pushed upward by colliding tectonic plates, while wind and water gradually carve them into dramatic peaks and valleys. Boulders, often remnants of ancient glacial activity or products of erosion, add an element of prehistoric charm to the terrain."", ""Equally captivating are the unusual cloud formations that sometimes grace these landscapes. These sky sculptures result from specific atmospheric conditions interacting with local topography. Lenticular clouds, for instance, form when stable, moist air flows over a mountain or hill, creating a lens-shaped formation that seems to hover in place. Other spectacular formations, like mammatus clouds with their distinctive pouch-like structures, can create an otherworldly atmosphere that perfectly complements the drama of the landscape below."", ""The autumn season brings its own magic to these natural wonders. As temperatures cool and daylight hours decrease, deciduous trees prepare for winter by stopping chlorophyll production. This reveals the underlying pigments in their leaves, resulting in a spectacular display of reds, oranges, and golds. This yearly phenomenon is not just a visual treat; it plays a crucial role in the local ecosystem. Fallen leaves decompose, enriching the soil with nutrients that support a wide variety of plants and animals."", ""While these landscapes may seem timeless, they are actually quite fragile and face numerous threats from human activity and climate change. Conservation efforts are vital to protect these unique geological and weather-related wonders for future generations. This includes implementing sustainable tourism practices, such as limiting visitor numbers, creating designated paths to prevent erosion, and educating visitors about the importance of leaving no trace. By preserving these natural masterpieces, we ensure that the awe-inspiring beauty of our planet continues to inspire, educate, and connect us to the natural world for years to come.""]",Nature,PH,en
Paradise Found: Are We Loving Our Tropical Beaches to Death?,"The allure and fragility of tropical paradise destinations, and the need for responsible tourism to protect these natural wonders.","[""Imagine a place where turquoise waters gently lap against powdery white sand, where the sky meets the sea in a seamless blend of blues. These tropical paradises have long captivated our imaginations and drawn visitors from around the globe. But what makes these beaches so uniquely beautiful, and how can we ensure they remain pristine for generations to come?"", ""The mesmerizing beauty of tropical beaches is no accident of nature. It's the result of complex geological and marine processes that have been at work for millennia. The iconic turquoise hue of the water is created by sunlight reflecting off microscopic particles of coral and shells suspended in the clear, shallow waters. Meanwhile, the white sand is often composed of finely ground coral, shells, and the remains of other marine organisms. This delicate balance of elements creates a landscape that seems almost too perfect to be real."", ""However, these stunning vistas are facing increasing pressure from human activity. As tourism booms in tropical destinations, the very features that make these places so attractive are at risk. Overuse of beaches can lead to erosion, while poorly managed development can damage fragile coastal ecosystems. Boats and other watercraft, while offering amazing experiences for visitors, can potentially harm coral reefs and marine life if not operated responsibly."", ""The good news is that many destinations are recognizing the need for sustainable tourism practices. Some resorts are implementing strict environmental policies, such as limiting the number of daily visitors or using eco-friendly building materials. Marine protected areas are being established to safeguard critical habitats. Additionally, innovative technologies are being developed to help monitor and protect these delicate ecosystems."", ""Travelers, too, can play a crucial role in preserving these natural wonders. By choosing eco-friendly accommodations, respecting local guidelines, and being mindful of their impact, tourists can help ensure that these paradises remain intact for future generations to enjoy. It's about finding that balance between experiencing the beauty of these places and preserving their fragile ecosystems."", ""The future of tropical paradises hangs in a delicate balance. As we continue to be drawn to these breathtaking locations, it's crucial that we approach them with a sense of responsibility and stewardship. By combining cutting-edge conservation efforts with mindful tourism practices, we can hope to protect these natural wonders while still allowing people to experience their awe-inspiring beauty. After all, true paradise is not just about pristine beaches and crystal-clear waters – it's about maintaining the health and vitality of these remarkable ecosystems for generations to come.""]",Nature,PH,en
Shake Up Your Cocktail Game: 5 Surprising Tricks to Make Instagram-Worthy Drinks at Home,Exploring the art of crafting visually stunning and flavorful cocktails using seasonal ingredients to elevate your home bartending skills.,"[""In the world of mixology, presentation is just as important as taste. A well-crafted cocktail not only tantalizes the taste buds but also feasts the eyes. With social media platforms like Instagram driving the visual appeal of food and drinks, it's time to elevate your home bartending skills and create stunning cocktails that are both delicious and camera-ready."", ""The first step in creating an Instagram-worthy cocktail is selecting the right glassware. Choose glasses that complement your drink's colors and style. For vibrant red cocktails, clear glasses allow the rich hues to shine through. Consider using vintage or uniquely shaped glasses to add character. Garnishes play a crucial role too - a sprig of fresh mint or a twist of citrus peel can transform a simple drink into a work of art."", ""Incorporating seasonal fruits and herbs is a sure way to create visually appealing and flavorful drinks. In summer, try muddling fresh berries or watermelon for a pop of color. For fall, infuse your spirits with cinnamon sticks or star anise. Winter calls for cranberries and rosemary, while spring welcomes cucumber and lavender. These natural elements not only enhance the drink's appearance but also add depth to its flavor profile."", ""One technique that never fails to impress is layering cocktails to create stunning color gradients. This method requires a steady hand and an understanding of the density of different liquids. Start with the heaviest syrup or liqueur at the bottom and carefully layer lighter ingredients on top. Use the back of a spoon to gently pour each layer, creating a beautiful ombre effect that's sure to wow your guests and followers alike."", ""Finally, mastering the art of cocktail photography is essential for sharing your creations on social media. Natural light is your best friend - position your drink near a window for the most flattering illumination. Experiment with different angles and backgrounds to find what works best for each cocktail. Don't forget to add interesting props like fresh ingredients or cocktail tools to tell a story in your image. With these tips, you'll be crafting and capturing picture-perfect cocktails that are bound to make a splash on your Instagram feed and impress your guests in real life.""]",Food and Cuisine,PH,en
